{
  "project_info": {
    "project_number": "874931288643",
    "project_id": "tubes-6f047",
    "storage_bucket": "tubes-6f047.appspot.com"
  },
  "client": [
    {
      "client_info": {
        "mobilesdk_app_id": "1:874931288643:android:327c0e980e002163a072f6",
        "android_client_info": {
          "package_name": "com.example.tu"
        }
      },
      "oauth_client": [
        {
          "client_id": "874931288643-e2vdnm3nvbkf0eekv3u0vsos69n07k81.apps.googleusercontent.com",
          "client_type": 3
        }
      ],
      "api_key": [
        {
          "current_key": "AIzaSyC3wwd1rhfPH52hjZvFJGEw6rC43TsjQUw"
        }
      ],
      "services": {
        "appinvite_service": {
          "other_platform_oauth_client": [
            {
              "client_id": "874931288643-e2vdnm3nvbkf0eekv3u0vsos69n07k81.apps.googleusercontent.com",
              "client_type": 3
            }
          ]
        }
      }
    }
  ],
  "configuration_version": "1"
}